[
    {
        "headline": "Charlie Kirk leaves behind wife, 2 kids: What to know",
        "link": "https://abcnews.go.com/News/charlie-kirk-wife-erika-two-kids/story?id=125460687",
        "summary": "Charlie Kirk leaves behind wife, 2 kids: What to know.",
        "detailed_summary": "The Turning Point USA founder died after he was shot at an event on Sept. CharlieKirkwas a husband and the father of two young kids at the time of hisdeathSept.",
        "photo": "https://i.abcnewsfe.com/a/e635d875-a51c-4c76-b55e-863e7892adae/kirk-5-gty-er-250910_1757542805409_hpMain_16x9.jpg?w=992",
        "category": "Uncategorized"
    },
    {
        "headline": "ICE officer fatally shoots man who resisted arrest, dragged agent with car: DHS",
        "link": "https://abcnews.go.com/US/ice-officer-fatally-shoots-man-resisted-arrest-dragged/story?id=125519005",
        "summary": "ICE officer fatally shoots man who resisted arrest, dragged agent with car: DHS.",
        "detailed_summary": "The suspect resisted the agent during a vehicle stop, ICE said. Immigration and Customs Enforcement officer fatally shot a man who was resisting arrest and subsequently dragged the agent with his car, according an ICE spokesperson.",
        "photo": "https://i.abcnewsfe.com/a/cc388211-a1f6-4b10-858e-c9a9a37736a7/crash-scene-chicago-rt-jt-250912_1757702691518_hpMain_16x9.jpg?w=992",
        "category": "Uncategorized"
    },
    {
        "headline": "Cold case fugitive on the run from police for over 23 years arrested",
        "link": "https://abcnews.go.com/US/cold-case-fugitive-run-police-23-years-arrested/story?id=125502870",
        "summary": "Cold case fugitive on the run from police for over 23 years arrested.",
        "detailed_summary": "“This fugitive went to extreme lengths to avoid being arrested,\" officials said. A man who has evaded police since 2002 has finally been arrested after more than 23 years on the run, authorities said.",
        "photo": "https://i.abcnewsfe.com/a/e7146505-d489-46f5-97df-3843cb822c26/police-incident-gty-lv-240422_1713817188448_hpMain_16x9.jpg?w=992",
        "category": "Uncategorized"
    },
    {
        "headline": "ABC News on Hulu",
        "link": "https://www.hulu.com/network/abc-news-2662d112-7114-4c6b-96fd-cb9e68a27eee?cmp=16431&utm_campaign=OO_ABCNews_NavFooter_OnChannel_Evergreen&utm_medium=Display&utm_source=OO_ABCNews",
        "summary": "No content available",
        "detailed_summary": "No hidden fees, equipment rentals, or installation appointments. includes Disney+ (With Ads) and ESPN Select Live TV is available for those live local, regional,\n    and national channels available in your area, which are subject to change.\n    Certain channels or content may not be available in all locations or on all devices.",
        "photo": "https://img3.hulu.com/user/v3/artwork/2662d112-7114-4c6b-96fd-cb9e68a27eee?base_image_bucket_name=image_manager&base_image=adb270a6-ef3c-449d-9a23-274ed2044a39&operations=%5B%7B%22resize%22:%22500x500%7Cmax%22%7D,%7B%22format%22:%22webp%22%7D,%7B%22trim%22:true%7D%5D",
        "category": "Uncategorized"
    },
    {
        "headline": "Share Tips with ABC News",
        "link": "https://abcnews.go.com/US/tip-share-abc-news/story?id=61304290",
        "summary": "No content available",
        "detailed_summary": "Here are instructions for how to share your information with our journalists. ABC News reaches hundreds of millions of Americans every month, far more than any other outlet, making it the country’s number one news source.",
        "photo": "https://s.abcnews.com/images/US/2021_ABCNews_ShareTips_A_v01_KS_1632411223106_hpMain_16x9_992.jpg?w=1600",
        "category": "Uncategorized"
    },
    {
        "headline": "Education report calling for ethical AI use contains over 15 fake sources",
        "link": "https://arstechnica.com/ai/2025/09/education-report-calling-for-ethical-ai-use-contains-over-15-fake-sources/",
        "summary": "Education report calling for ethical AI use contains over 15 fake sources.",
        "detailed_summary": "Experts find fake sources in Canadian government report that took 18 months to complete. On Friday, CBC Newsreportedthat a major education reformdocumentprepared for the Canadian province of Newfoundland and Labrador contains at least 15 fabricated citations that academics suspect were generated by an AI language model—despite the same report calling for \"ethical\" AI use in schools.",
        "photo": "https://cdn.arstechnica.net/wp-content/uploads/2025/09/newfoudnland_lighthouse-640x360.jpg",
        "category": "Uncategorized"
    },
    {
        "headline": "Rocket Report: Russia’s rocket engine predicament; 300th launch to the ISS",
        "link": "https://arstechnica.com/space/2025/09/rocket-report-russias-rocket-engine-predicament-300th-launch-to-the-iss/",
        "summary": "Rocket Report: Russia’s rocket engine predicament; 300th launch to the ISS.",
        "detailed_summary": "North Korea test-fired a powerful new solid rocket motor for its next-generation ICBM. Welcome to Edition 8.10 of the Rocket Report! Dear readers, if everything goes according to plan, four astronauts are less than six months away from traveling around the far side of the Moon and breaking free of low-Earth orbit for the first time in more than 53 years.",
        "photo": "https://cdn.arstechnica.net/wp-content/uploads/2025/09/progms32launch-640x423.jpg",
        "category": "Uncategorized"
    },
    {
        "headline": "Ted Cruz AI bill could let firms bribe Trump to avoid safety laws, critics warn",
        "link": "https://arstechnica.com/tech-policy/2025/09/ted-cruz-bill-would-let-big-tech-go-wild-with-ai-experiments-for-10-years/",
        "summary": "Ted Cruz AI bill could let firms bribe Trump to avoid safety laws, critics warn.",
        "detailed_summary": "Ted Cruz won’t give up fight to block states from regulating AI. Critics are slamming Sen.",
        "photo": "https://cdn.arstechnica.net/wp-content/uploads/2025/09/GettyImages-2234679238-640x427.jpg",
        "category": "Uncategorized"
    },
    {
        "headline": "The US is now the largest investor in commercial spyware",
        "link": "https://arstechnica.com/security/2025/09/the-us-is-now-the-largest-investor-in-commercial-spyware/",
        "summary": "The US is now the largest investor in commercial spyware.",
        "detailed_summary": "And new countries are linked to the dangerous software. The United States has emerged as the largest investor incommercial spyware—a global industry that has enabled the covert surveillance of journalists, human rights defenders, politicians, diplomats, and others, posing grave threats to human rights andnational security.",
        "photo": "https://cdn.arstechnica.net/wp-content/uploads/2023/07/exploit-vulnerability-security-1.jpg",
        "category": "Uncategorized"
    },
    {
        "headline": "Court rejects Verizon claim that selling location data without consent is legal",
        "link": "https://arstechnica.com/tech-policy/2025/09/court-rejects-verizon-claim-that-selling-location-data-without-consent-is-legal/",
        "summary": "Court rejects Verizon claim that selling location data without consent is legal.",
        "detailed_summary": "Verizon and T-Mobile lost, but AT&T beat the FCC. SCOTUS may have to step in.",
        "photo": "https://cdn.arstechnica.net/wp-content/uploads/2025/07/verizon-640x426.jpg",
        "category": "Uncategorized"
    },
    {
        "headline": "HBO Max is “way underpriced,” Warner Bros. Discovery CEO says",
        "link": "https://arstechnica.com/gadgets/2025/09/hbo-max-is-way-underpriced-warner-bros-discovery-ceo-says/",
        "summary": "HBO Max is “way underpriced,” Warner Bros.",
        "detailed_summary": "People used to pay $55 a month for TV, Zaslav recalls. Someone might want to tell David Zaslav to read the room.",
        "photo": "https://cdn.arstechnica.net/wp-content/uploads/2025/09/brian-cox_2-640x427.jpg",
        "category": "Uncategorized"
    },
    {
        "headline": "Gulf states unite to respond to Israel’s attack on Qatar, but find few options",
        "link": "https://edition.cnn.com/2025/09/13/middleeast/gulf-response-israel-attack-qatar-latam-intl",
        "summary": "Gulf states unite to respond to Israel’s attack on Qatar, but find few options.",
        "detailed_summary": "For decades, wealthy Gulf Arab states cast themselves as oases of stability in a region mired in conflict, building gleaming capitals with fast-growing economies powered by by millions of foreign workers drawn to economic opportunity and a tax-free lifestyle.",
        "photo": "https://media.cnn.com/api/v1/images/stellar/prod/gettyimages-2234017539-20250912171027323.jpg?c=original&q=w_860,c_fill",
        "category": "Uncategorized"
    },
    {
        "headline": "How a father’s intuition led to an arrest in Kirk’s murder",
        "link": "https://edition.cnn.com/2025/09/13/us/tyler-robinson-mahunt-charlie-kirk",
        "summary": "How a father’s intuition led to an arrest in Kirk’s murder.",
        "detailed_summary": "Like thousands of Americans captivated by the manhunt for the shooter who killed conservative political activistCharlie Kirk, a Utah father had seen the photos and video footage of the suspect released by authorities.",
        "photo": "https://media.cnn.com/api/v1/images/stellar/prod/20250912-tyler-robinson-mugshot-split.jpg?c=16x9",
        "category": "Uncategorized"
    },
    {
        "headline": "Kirk’s social media accounts have gained millions of followers since his murder",
        "link": "https://edition.cnn.com/2025/09/13/media/charlie-kirk-erika-social-media-tpusa-followers",
        "summary": "Kirk’s social media accounts have gained millions of followers since his murder.",
        "detailed_summary": "Charlie Kirk’s widow and many of his fans have predicted that Wednesday’s assassination will make his voice even more powerful posthumously. Social media statistics indicate that they’re right.",
        "photo": "https://media.cnn.com/api/v1/images/stellar/prod/ap25253684868612.jpg?c=original&q=w_860,c_fill",
        "category": "Uncategorized"
    },
    {
        "headline": "Far-right anti-immigration protests in London lead to clashes with police",
        "link": "https://edition.cnn.com/2025/09/13/europe/far-right-anti-immigration-protests-london-intl",
        "summary": "Far-right anti-immigration protests in London lead to clashes with police.",
        "detailed_summary": "Police officers were “attacked with projectiles” and “assaulted” during far-right anti-immigration protests in London on Saturday, the British capital’s force said, as more than 110,000 people took to the city’s streets.",
        "photo": "https://media.cnn.com/api/v1/images/stellar/prod/gettyimages-2234541850.jpg?c=16x9&q=w_1383,c_fill",
        "category": "Uncategorized"
    },
    {
        "headline": "Oscar-winning Palestinian filmmaker says IDF searched his house after he was attacked by settlers",
        "link": "https://edition.cnn.com/2025/09/13/middleeast/basel-adra-israeli-settlers-idf-attack-latam-intl",
        "summary": "Oscar-winning Palestinian filmmaker says IDF searched his house after he was attacked by settlers.",
        "detailed_summary": "Oscar-winning Palestinian filmmaker and activistBasel Adrasaid soldiers from the Israel Defense Forces (IDF) searched his house in the occupied West Bank after a group of Israeli settlers attacked him, his family members and a foreign activist on Saturday.",
        "photo": "https://media.cnn.com/api/v1/images/stellar/prod/c-gettyimages-2221722205.jpg?c=original&q=w_860,c_fill",
        "category": "Uncategorized"
    },
    {
        "headline": "Manchester United will return to being ‘one of the best teams in the Premier League,’ says former star Nani",
        "link": "https://edition.cnn.com/2025/09/13/sport/soccer-premier-league-nani-career-academy-intl",
        "summary": "Manchester United will return to being ‘one of the best teams in the Premier League,’ says former star Nani.",
        "detailed_summary": "FormerManchester Unitedand Portugal winger Luís Nani has an encouraging message of hope for the Red Devils’ beleaguered fans: Things are about to get a whole lot better. United recently endured itsworst ever finishto a Premier League season and already in this campaign, Ruben Amorim’s men have suffered a humiliatingLeague Cup defeatto fourth-divisionGrimsby Towndespite the acquisition of expensive new forwards Matheus Cunha, Bryan Mbeumo and Benjamin Šeško.",
        "photo": "https://media.cnn.com/api/v1/images/stellar/prod/gettyimages-2214104968.jpg?c=original&q=w_1041,c_fill",
        "category": "Uncategorized"
    },
    {
        "headline": "CNN ExclusiveVenezuela not seeking conflict with US, its foreign minister says",
        "link": "https://edition.cnn.com/2025/09/09/americas/venezuela-yvan-gil-interview-intl-latam-hnk",
        "summary": "CNN ExclusiveVenezuela not seeking conflict with US, its foreign minister says.",
        "detailed_summary": "Venezuela is not seeking a military confrontation with the United States or any other regional actor, its Foreign Minister Yván Gil told CNN in a rare interview, as tensions rise with Washington, including over the recent deadly US Navy strike on a vessel allegedly carrying drugs in the Caribbean.",
        "photo": "https://media.cnn.com/api/v1/images/stellar/prod/still-21931879-26555-87507606973-still.jpg?c=16x9",
        "category": "Uncategorized"
    },
    {
        "headline": "‘Phantom’ racing car driver finally arrested by Czech police after 6 years",
        "link": "https://edition.cnn.com/2025/09/08/europe/phantom-racing-car-driver-arrested-scli-intl",
        "summary": "‘Phantom’ racing car driver finally arrested by Czech police after 6 years.",
        "detailed_summary": "It has been a fast and furious game of cat and mouse butCzech policehave finally arrested a “phantom”racing cardriver repeatedly spotted on the nation’s highways. Police were first alerted to the bizarre case of a red Formula One-style racing car illegally driving on public roads six years ago.",
        "photo": "https://media.cnn.com/api/v1/images/stellar/prod/viewimage-2.jpg?c=original&q=w_860,c_fill",
        "category": "Uncategorized"
    },
    {
        "headline": "Just a Load of Weird Stories We’ve Published. Enjoy.",
        "link": "https://www.vice.com/en/article/just-a-load-of-weird-stories-weve-published-enjoy/",
        "summary": "Just a Load of Weird Stories We’ve Published.",
        "detailed_summary": "Depending what year you first came across VICE, you may know us for our award-winning frontline warzone reportage, or you may know us from that time weslowly added loads of horrible shitto a jar and got staffers to smell it.",
        "photo": "https://www.vice.com/wp-content/uploads/sites/2/2024/04/1713784652297-2best-of-vice-1440x810-1.png?w=1024",
        "category": "Uncategorized"
    },
    {
        "headline": "The 17 Wildest Stories We Published in 2023",
        "link": "https://www.vice.com/en/article/wildest-stories-of-2023/",
        "summary": "No content available",
        "detailed_summary": "It was the year of Ozempic andthe animal uprising; ofGeorge Santos appearing onZiweand Angela Bassett doing the thing, and Colleen Balinger’s 10-minute ukelele apology. (If you want a rundown of everything that happened this year, check out the203 Pop Culture Moments of 2023 here.) This year we published exhaustive reports on the murky world of antivaxxer influencers and showbiz nepo babies, and behind-the-scenes despatches from the billionaire private concert industry and a maid cafe that was called a “Hooters for incels”.",
        "photo": "https://www.vice.com/wp-content/uploads/sites/2/2023/12/1703093075921-best-of-vice-large-4.jpeg?w=1024",
        "category": "Uncategorized"
    },
    {
        "headline": "I Met The Melbourne Man Selling a Life-Size Dinosaur for $58,000 On Facebook",
        "link": "https://www.vice.com/en/article/i-met-the-melbourne-man-selling-a-life-size-dinosaur-for-dollar58000-on-facebook/",
        "summary": "I Met The Melbourne Man Selling a Life-Size Dinosaur for $58,000 On Facebook.",
        "detailed_summary": "What would you say if I told you I spent my day with a 4 metre high, 19 metre long, to-scale Titanosaurus on the outskirts of Melbourne? Would you smile, dear reader? Would you shrug in hapless indifference? Would you fix me with your gaze, squinting in vague disgust, figuring out the most scathing way to tell me youdon’t give a rat’s arse? Well.",
        "photo": "https://www.vice.com/wp-content/uploads/sites/2/2023/01/1673927411230-screen-shot-2023-01-17-at-24303-pm.png?w=1024",
        "category": "Uncategorized"
    },
    {
        "headline": "Mysterious Antennas Are Appearing in Utah’s Hills and Officials Are Stumped",
        "link": "https://www.vice.com/en/article/mysterious-antennas-are-appearing-in-utahs-hills-and-officials-are-stumped/",
        "summary": "Mysterious Antennas Are Appearing in Utah’s Hills and Officials Are Stumped.",
        "detailed_summary": "Strange antennas have appeared in the foothills around Salt Lake City and authorities have no idea what they are or who put them up. As first reported by KSLTV 5 in Utah, peoplefirst begannoticing the antennas a year ago.",
        "photo": "https://www.vice.com/wp-content/uploads/sites/2/2023/01/1673024076595-32392160412250781347856635885568107834323602n.jpeg?w=1024",
        "category": "Uncategorized"
    },
    {
        "headline": "Man, That’s a Nice Sheep",
        "link": "https://www.vice.com/en/article/man-thats-a-nice-sheep/",
        "summary": "No content available",
        "detailed_summary": "At first, I thought it was some David Hockney-themed farm series that just so happened to isolate a sheep as its focal point. But this sheep (ram, really) is real – and this sheep is expensive.",
        "photo": "https://www.vice.com/wp-content/uploads/sites/2/2022/09/1664415894153-screen-shot-2022-09-29-at-114441-am.png?w=1024",
        "category": "Uncategorized"
    },
    {
        "headline": "The Story Behind The Cursed, Naked Sylvester Stallone Doll Found in an Australian Country Town",
        "link": "https://www.vice.com/en/article/the-story-behind-the-cursed-naked-sylvester-stallone-doll-found-in-an-australian-country-town/",
        "summary": "The Story Behind The Cursed, Naked Sylvester Stallone Doll Found in an Australian Country Town.",
        "detailed_summary": "There are only a few things that can truly haunt a person: an inexplicable ghost sighting, being a by-stander to some unfathomable crime, and stumbling upon a semi-naked Sylvester Stallone latex doll tied by the neck to a rickety trolley in the back of an antiques store in butt-fuck nowhere.",
        "photo": "https://www.vice.com/wp-content/uploads/sites/2/2022/08/1661825926629-collage-maker-30-aug-2022-1158-am.jpeg?w=1024",
        "category": "Uncategorized"
    },
    {
        "headline": "A Journey to the Crystal Warehouse, Home to a Decaying Great White Shark",
        "link": "https://www.vice.com/en/article/a-journey-to-the-crystal-warehouse-home-to-a-decaying-great-white-shark/",
        "summary": "A Journey to the Crystal Warehouse, Home to a Decaying Great White Shark.",
        "detailed_summary": "I recently came across an old VICE story that stirred something deep and primal in my soul. The title, “This Abandoned Wildlife Park Features A Decaying Shark”, kinda said it all, except for the fact that the real life R.L.",
        "photo": "https://www.vice.com/wp-content/uploads/sites/2/2022/04/1650593131157-zbl0pjowq8fxlhvgkuxll0q7gge9y2no9qmc0lxb.jpeg?w=1024",
        "category": "Uncategorized"
    },
    {
        "headline": "Surgeon Who Amputated Patient’s Wrong Leg Is Fined €2,700",
        "link": "https://www.vice.com/en/article/surgeon-who-amputated-patients-wrong-leg-is-fined-euro2700/",
        "summary": "Surgeon Who Amputated Patient’s Wrong Leg Is Fined €2,700.",
        "detailed_summary": "A surgeon in Austria who amputated the wrong leg of a patient has been handed a €2,700 (£2,296) fine. The 43-year-old surgeon was found guilty of gross negligence by a court in Linz in the northwest of the country on Wednesday.",
        "photo": "https://www.vice.com/wp-content/uploads/sites/2/2021/12/1638446990586-gettyimages-1314487774-min.jpeg?w=1024",
        "category": "Uncategorized"
    },
    {
        "headline": "A Bunch of People Just Rode Horses to a McDonald’s Drive-Thru",
        "link": "https://www.vice.com/en/article/mcdonalds-drive-thru-horses-malaysia/",
        "summary": "A Bunch of People Just Rode Horses to a McDonald’s Drive-Thru.",
        "detailed_summary": "Wearing headlamps and saddled up on horses, a crew of equestrians arrived at aMcDonald’sdrive-thru, trotting down the pavement where customers usually line up their cars to get orders. As they stood in front of glowing McDonald’s signs on Saturday night to get their fast food fix, the surreal scene looked like something straight out of a western sci-fi film.",
        "photo": "https://www.vice.com/wp-content/uploads/sites/2/2021/11/1637049245710-whatsapp-image-2021-11-15-at-174905.jpeg?w=1024",
        "category": "Uncategorized"
    },
    {
        "headline": "Why I Married a Rice Cooker, and Then Divorced It",
        "link": "https://www.vice.com/en/article/man-married-rice-cooker-influencer-viral-indonesia/",
        "summary": "No content available",
        "detailed_summary": "In a hamlet in the heart of Central Java in Indonesia, a Philips rice cooker gets all hot and heavy. Next to it sits its newly married – and divorced – husband, looking at his ex-wife with a loving smile.",
        "photo": "https://www.vice.com/wp-content/uploads/sites/2/2021/10/1633689759988-why-i-married-a-rice-cooker-and-then-divorced-it.jpeg?w=1024",
        "category": "Uncategorized"
    },
    {
        "headline": "‘I Should Have Been Left There’: DJ Enuff Says His Hot 97 Departure Was Long Overdue",
        "link": "https://www.vice.com/en/article/i-should-have-been-left-there-dj-enuff-says-his-hot-97-departure-was-long-overdue/",
        "summary": "‘I Should Have Been Left There’: DJ Enuff Says His Hot 97 Departure Was Long Overdue.",
        "detailed_summary": "A lot of people would be lucky to have the job security that DJ Enuff had at Hot 97. If it’s work that they love and an environment they can thrive, anyone would want to be at a place long-term.",
        "photo": "https://www.vice.com/wp-content/uploads/sites/2/2025/09/22I-Should-Have-Been-Left-There22-DJ-Enuff-Says-His-Hot-97-Departure-Was-Long-Overdue.jpg?w=1024",
        "category": "Uncategorized"
    },
    {
        "headline": "September Is Breakup Season. Will Your Relationship Survive?",
        "link": "https://www.vice.com/en/article/september-is-breakup-season-will-your-relationship-survive/",
        "summary": "September Is Breakup Season. Will Your Relationship Survive?.",
        "detailed_summary": "Have you ever noticed that more couples seem to break up in September than at most other times of the year? Apparently, there’s a reason for that. Now, if you want to get into the astrology of this particular September, check outthis piece on eclipse season.",
        "photo": "https://www.vice.com/wp-content/uploads/sites/2/2025/09/September-Is-Breakup-Season.-Will-Your-Relationship-Survive.jpg?w=1024",
        "category": "Uncategorized"
    },
    {
        "headline": "This Is the One Thing Almost Every Cheating Husband Has in Common",
        "link": "https://www.vice.com/en/article/this-is-the-one-thing-almost-every-cheating-husband-has-in-common/",
        "summary": "This Is the One Thing Almost Every Cheating Husband Has in Common.",
        "detailed_summary": "While scrolling online recently, I stumbled upon this intriguingpost onThe Sun. Written by Mel Fallowfield, the article explored the mindset behind married men cheating.",
        "photo": "https://www.vice.com/wp-content/uploads/sites/2/2025/09/This-Is-the-One-Thing-Almost-Every-Cheating-Husband-Has-in-Common.jpg?w=1024",
        "category": "Uncategorized"
    },
    {
        "headline": "6 Phrases That Can Save Your Marriage, According to Experts",
        "link": "https://www.vice.com/en/article/6-phrases-that-can-save-your-marriage-according-to-experts/",
        "summary": "6 Phrases That Can Save Your Marriage, According to Experts.",
        "detailed_summary": "Every marriage hits a point where one person feels like they’re managing a business instead of a household. The groceries, the dentist appointments, the field trip permission slips—all somehow end up on your plate.",
        "photo": "https://www.vice.com/wp-content/uploads/sites/2/2025/09/6-Phrases-That-Can-Save-Your-Marriage-According-to-Experts.jpg?w=1024",
        "category": "Uncategorized"
    },
    {
        "headline": "If Mosquitos Love You, This Might Be Why",
        "link": "https://www.vice.com/en/article/if-mosquitos-love-you-this-might-be-why/",
        "summary": "No content available",
        "detailed_summary": "At a music festival in the Netherlands, researchers recently invited 500 people to shove their arms into boxes filled with mosquitoes. It sounds like an awful dare, but it was a study.",
        "photo": "https://www.vice.com/wp-content/uploads/sites/2/2025/09/If-Mosquitos-Love-You-This-Might-Be-Why.jpg?w=1024",
        "category": "Uncategorized"
    }
]